id,name,popularity,artist_id,artist_name,acousticness,danceability,energy,liveness,speechiness,valence,genre,Assignments,DistancesToClusterCenter no.0,DistancesToClusterCenter no.1,DistancesToClusterCenter no.2,DistancesToClusterCenter no.3,DistancesToClusterCenter no.4
7Il2yWQmsqKgSkLQvHTPUI,Tequila,79,7z5WFjZAIYejWy0NI5lv4T,Dan + Shay,0.0292,0.474,0.594,0.133,0.0289,0.503,contemporary country,0,0.218696244342933,0.444960753665802,0.254866114510167,0.569919580073434,0.300293847197804
1bjd4UgjnK5hedJJKmi3YP,Take This Ride,68,3tLYpanVDomWAZqF82NPds,Vigiland,0.00704,0.608,0.536,0.46,0.0469,0.167,dance pop,3,0.397504320238785,0.552671054374227,0.338666199343734,0.307647926691322,0.390159269436487
10unIjOu5Jurco3SDbV4HZ,All This Love,73,4kYGAK2zu9EAomwj3hXkXy,JP Cooper,0.168,0.621,0.524,0.0925,0.0248,0.434,dance pop,2,0.335001466232449,0.456576965605396,0.113989133172138,0.635714553586538,0.250935727615876
12GEpg2XOPyqk03JZEZnJs,It Ain’t Me (with Selena Gomez),71,23fqKkggKUBHNkbKtXEls4,Kygo,0.119,0.64,0.533,0.0864,0.0706,0.515,edm,2,0.338841639505643,0.476199256374648,0.116725861125636,0.642234620099922,0.236488519456435
